{"cameraMode":{"drawMode":0,"name":"Shaded","section":"Shading Mode"},"sceneLighting":true,"audioPlay":false,"sceneViewState":{"m_AlwaysRefresh":false,"showFog":true,"showSkybox":true,"showFlares":true,"showImageEffects":true,"showParticleSystems":true,"showVisualEffectGraphs":true,"m_FxEnabled":true},"in2DMode":false,"pivot":{"x":0.3700002431869507,"y":1.847569465637207,"z":0.7209693193435669},"rotation":{"x":-0.10403630882501602,"y":-0.40727970004081728,"z":0.0467594712972641,"w":-0.9061579704284668},"size":0.7384278178215027,"orthographic":false}